segment,model,avg_wape,avg_mae,avg_rmse,avg_bias_pct
Erratic,CrostonSBA,0.6672496596972147,3.4759198824564614,5.697572231292725,-0.02225648130600651
Erratic,MA28,0.6656050682067871,3.4683848222096763,5.7011237144470215,0.0019486841435233753
Erratic,SeasonalNaive7,0.8185501098632812,4.266876856486003,7.195973078409831,-0.04787736510237058
Erratic,Trend56,0.7228233615557352,3.7671616077423096,6.223321755727132,0.016943226490790646
Erratic,WeekdayAvg4,0.6995711922645569,3.6451443831125894,6.016377925872803,0.0019486821256577969
Erratic,WeekdayAvg8,0.6816445191701254,3.5512203375498452,5.815253893534343,0.0020085476959745088
Intermittent,CrostonSBA,0.9608165621757507,0.7504463791847229,1.4609753688176472,-0.04459294304251671
Intermittent,MA28,0.9217881759007772,0.7202696601549784,1.4105754693349202,-0.04733156847457091
Intermittent,SeasonalNaive7,1.0554478565851848,0.8246857523918152,1.7042307058970134,-0.08157974605758984
Intermittent,Trend56,0.969187597433726,0.7571782271067301,1.4962865511576335,0.024455786993106205
Intermittent,WeekdayAvg4,0.9524916410446167,0.7442698081334432,1.4750384887059529,-0.04733156909545263
Intermittent,WeekdayAvg8,0.9413421154022217,0.7355341712633768,1.4719046751658122,-0.06984855731328328
Lumpy,CrostonSBA,0.9812557498613993,1.496529499689738,2.9283409118652344,-0.012050942207376162
Lumpy,MA28,0.9424590269724528,1.4379750490188599,2.9057864348093667,-0.02541966053346793
Lumpy,SeasonalNaive7,1.1116636991500854,1.6963496208190918,3.594857692718506,-0.05933548634250959
Lumpy,Trend56,1.010258952776591,1.5411771138509114,3.1213127772013345,0.05799975122014681
Lumpy,WeekdayAvg4,0.9933540225028992,1.5157907009124756,3.1090678373972573,-0.025419660611078143
Lumpy,WeekdayAvg8,0.9756290912628174,1.488874872525533,3.0208431084950766,-0.04208591029358407
Smooth,CrostonSBA,0.4884374539057414,2.653323491414388,4.390392621358235,-0.009445590083487332
Smooth,MA28,0.4887196719646454,2.6547645727793374,4.398962179819743,0.02300305354098479
Smooth,SeasonalNaive7,0.5852597951889038,3.179189602533976,5.171894868214925,-0.020521086174994707
Smooth,Trend56,0.5296237071355184,2.876981496810913,4.8833417892456055,0.04370054074873527
Smooth,WeekdayAvg4,0.4967293639977773,2.6982746918996177,4.330588499704997,0.023003054472307365
Smooth,WeekdayAvg8,0.4825725853443146,2.6213982105255127,4.189029534657796,0.020493584995468456
