feature,importance_gain,share
rmean7,61368421.16132164,0.8006423548225688
rmean28,4281677.63336277,0.05586085478645649
lag1,3820572.6583356857,0.0498450543790188
item_code,2285687.6682567596,0.029820196160682634
rmean56,1252409.81914711,0.016339549361534443
wday,1134048.2852191925,0.014795347059256761
rstd28,528022.1384601593,0.006888834360327967
lag14,225800.82702350616,0.002945907723350823
lag28,212574.40367984772,0.002773349353242042
lag7,207931.03534317017,0.002712769705126063
month,205044.01199626923,0.0026751041904012466
sell_price,204645.18442344666,0.002669900891358675
lag56,160083.97086906433,0.0020885335646656043
snap,159442.34300136566,0.002080162574550613
price_change_7d,155166.32643413544,0.002024375576794098
store_code,141014.8508453369,0.0018397485239024256
event_flag,134396.14668369293,0.0017533976811469581
dept_code,79361.49244117737,0.0010353887388320963
year,41288.10163116455,0.0005386647120875223
cat_code,33158.45721244812,0.00043260140577952767
state_code,18235.132205963135,0.00023790442891636493
